duration,src_bytes,dst_bytes,count,srv_count
0.9385361799537182,160.4762772277344,3269.1480395248163,5,6
6.020242861835042,223.57341785679978,3536.253668654901,9,4
2.6334913870908987,294.1012248237517,2817.5236352285574,4,7
1.8258851075519065,267.27100230774886,2580.395166330497,4,8
0.33924974092469257,279.65933133196984,2477.5954029894833,1,6
0.33919258382921036,174.43921617844074,2016.8217053119993,8,3
0.11967753721736135,150.51975898707096,4028.103564970161,8,4
4.022461728959879,193.7106539950176,2448.3958171391587,4,5
1.838164307254529,202.78624561443473,2889.373188207114,1,3
2.4625001234091806,254.70957592354742,2861.5933500555398,9,5
0.041598615998277244,115.37676851425903,3153.7033489045502,4,8
7.007114950316624,276.4775159730307,3407.8686062696484,2,8
3.57285908670935,192.09960507105052,3430.236744179873,4,5
0.477375250497894,178.655946502629,2708.461280715531,3,5
0.4013579774993267,149.39478123699163,2916.4391431067943,8,8
0.4052228456645141,117.25716640671153,3141.28997524415,9,5
0.7255074589209543,241.15852919809572,2875.6544369082267,4,4
1.487855661721709,203.6658983594202,3803.672788009996,4,3
1.1310741335606733,135.5019550129473,3245.487475819126,5,7
0.688445985107883,135.2460613968192,3367.438893024909,11,4
1.8927417477995974,183.21076503549358,3331.4406343337064,8,4
0.30046905745467734,283.45107626446963,3586.7369287426627,6,5
0.6910310240048045,187.02043243181976,3090.5107793518537,2,3
0.9125544364416941,124.8428523440947,2351.5840260220766,8,5
1.21786937571955,187.71284679570277,3199.8439758763207,7,4
3.075872022061824,186.36382151261648,2674.3215531040855,6,6
0.4454717242573806,65.15566785292143,2735.6916591251215,5,5
1.4440583100662554,197.28525667410938,3293.182009377547,3,5
1.7950094426195211,188.4532734895661,3619.141535716818,5,2
0.09512769951281709,234.8103182406709,3010.6357883680307,3,5
1.8706660412992202,292.44780474726724,3154.416506299482,3,3
0.37392250395483284,256.3282514773879,3851.107472317619,7,3
0.13452786175860848,186.55556547225848,3120.376589744284,4,5
5.947375587013862,144.6737045629165,4300.841557090198,4,4
6.741260684922345,328.667990162493,3282.754822815772,6,3
3.3046631456257534,202.9609217007244,2119.618620422091,6,4
0.7265757199375166,200.6964645956473,3376.670810552266,3,2
0.20555463000501248,198.79374564449984,3190.579192441389,4,6
2.3055015261973235,209.90423803839275,3644.876377041373,6,7
1.1601816851707967,192.78197940380286,3336.590675634979,6,3
0.2603044679088973,171.31689965598818,2930.772008008113,6,5
1.3670944562683003,172.65705293798038,2387.8508818553173,6,4
0.06998744288695817,198.3623364892001,2895.4883713569875,3,6
4.800845774786048,172.82876144331175,2574.73977289535,5,6
0.5989155536813722,164.3577108661418,2709.7382750976385,2,2
2.1725115971299607,205.32151138459483,3294.2892022103047,5,2
0.7470931633152473,187.25113912895725,3834.952252175703,3,5
1.4682217918184572,275.1996494291344,3197.3357649114905,3,2
1.582447595963595,67.45150958034941,2402.0584689824077,5,7
0.4087771990158115,254.57534259612308,3222.3013341100705,11,4
6.985614265472453,262.30425962488147,3598.3157433228257,7,5
2.9844907542762815,96.33048837959252,2695.108547840309,7,7
5.610188838583165,182.86562029598255,2932.9914166635413,4,5
4.504303995068393,181.42795670021042,3007.3440973645984,1,7
1.82210882476655,129.62441526410893,2607.55084345888,4,1
5.09887075853881,161.10916562045622,3324.1402169219296,5,3
0.18531091790623125,144.47120772670857,2939.5259256961094,4,4
0.4362693892625349,287.6135221711811,3209.766221953514,4,9
0.09256393137366391,246.78391965737305,2556.25391109895,7,4
0.7870641736061736,263.57775474970794,2781.270849838295,6,5
0.9842605835884372,236.08360320216175,3361.1906789138857,8,6
0.6331208864176514,143.54741143913856,2813.5834239541164,4,6
3.529115730481868,173.7739866860113,3863.4819256167025,3,3
0.8824539990597403,224.4687280613959,2800.181907192699,0,3
0.6596056802684984,138.89360955540275,3112.342362875943,4,5
1.564814166415492,235.6499215086194,3466.295415936545,1,7
0.3037962956412577,187.98373009209325,2290.817133533484,4,6
3.2409671915494624,181.25895962252014,2119.595594009612,3,6
0.15495173762261802,235.54799841017456,2237.1718427149526,5,4
8.66829267917464,222.213165574302,3631.292051713591,6,7
2.958967552483023,181.951691709046,2724.070927053777,6,4
0.4430788810117719,257.96649016821243,4279.099642834126,4,8
0.01107484075187095,145.94683362000512,2717.876200671306,4,5
3.379793554972252,230.7967803472132,3092.2756515985184,5,5
2.4541918147740893,229.6550628984192,3771.054976283938,1,4
2.611325817575998,184.5226780343005,4003.0464440795613,9,5
2.950429052087027,216.3066511121059,4030.751788318199,7,2
0.1538585310275927,137.44432118073485,3604.1831152965715,5,3
0.887785344832465,246.20135096034505,3512.031262905731,4,7
0.2463002092088993,190.75489317785053,3296.2634746005915,5,5
3.9770591433164455,173.86384897404804,3389.180538083319,4,6
1.9526023834247481,252.45046129184448,2724.4071418357335,1,7
0.803637602502602,164.78281547286204,2590.9005582888462,3,2
0.13133613160956578,129.57693518182202,2998.312771294524,7,7
0.7449767008207074,122.16854132380482,2914.907688737536,6,5
0.7866284263682627,230.30049756728198,2773.385975336362,10,5
2.6157515679154817,135.97853237518586,3348.193723728358,4,7
2.02977871785204,287.7397090992182,3477.652604285255,5,6
4.3645038248030295,95.9035296058139,3044.2034431459238,6,5
1.2781322667526196,284.8228184145019,3738.765040527631,6,0
0.2547447872310038,210.5508733601309,2429.1554429332473,8,7
2.498252688633199,195.16434440648038,2903.170270360141,4,5
2.860785506153728,172.7540456595525,2641.5888396985974,3,5
1.6477749897716576,219.95680571760354,2066.7316914634703,3,6
2.947779933442729,198.11826487875757,2958.6596570786505,9,8
1.3616294630205559,255.16509410082608,2939.1262458083584,7,4
1.479357677554534,205.711382433102,3756.7248716210656,2,6
1.1156283878168547,207.5150880730939,3315.4058422773887,2,4
0.05149554798022746,181.81938938930722,2487.9065878353977,4,1
0.22833487038373168,197.15271881394662,3927.046283167094,6,3
0.06386736258610765,215.39008844460295,3610.5168477626767,9,4
2.023459101855099,114.49158036716872,3291.048851734308,11,5
0.7547934175901997,132.59072889471435,2886.757950575084,4,4
1.4208743542683802,237.16320470113575,2520.28038163826,7,5
4.762531059691951,208.54327190639708,2813.8966119644733,7,2
0.5734776459665967,190.80083318236603,3544.374309852093,3,2
1.0565639497653452,200.92169665326966,3942.2931529673046,7,5
2.8174982950771668,217.37908526808354,3771.6217641360945,5,5
0.5196103138347881,173.01201598453193,2755.575289106863,2,5
0.16020855710035273,161.08476372988437,2440.1912833554943,9,6
0.6842806077741141,209.79226275488406,3070.443123455602,6,4
0.3516167170001257,151.0813611192484,2115.780317218574,3,9
5.3099001717612495,220.4126377857236,3161.5838570923906,6,7
3.301774160969139,114.87081978810798,2926.1987068506655,3,2
2.006988381041062,251.45778186628218,2766.981749065879,2,3
4.103039461041626,223.62987412065215,2202.6484663666024,8,4
3.255937881481113,212.80148671569378,3256.800053284858,4,6
0.41299095271727815,249.1345491972757,2733.6495801690444,5,7
4.461626810471122,283.27372222312886,2415.041582144856,4,4
1.550199803932344,250.7185032509065,1563.8688933591754,3,5
3.2946965826071324,107.95628843341774,2986.242547474682,4,5
4.528485298572463,136.02115166321494,3886.125798334872,3,3
0.7654614328366369,168.75907111521605,3830.629607273935,11,3
0.23318432024770167,201.3045525105417,2771.451871706864,6,7
0.5173734922787627,225.88295102345614,2698.8939698191098,5,3
1.1141153854972288,163.71280934232672,3234.387128037512,5,8
3.40765945327789,209.33833822385392,2500.8072804058543,5,8
3.9426899437596665,162.23085338233386,3150.895949909733,3,5
0.013952818363301294,169.4241098504026,3383.040139192345,6,5
1.4297523186771115,129.66694515758888,3613.4666119421536,4,3
1.0805466418373426,153.8383376944548,2949.9229617600236,5,3
0.502334676551649,132.41576971918332,2898.163124911517,3,6
0.2553607830912936,151.20633735113336,2561.0087066217193,7,5
0.8238171597248649,252.682089830392,2586.55982298007,3,4
5.726242245382299,152.53005555840286,2886.760554049237,6,6
0.7807676057629488,331.61910324186954,3183.682753408089,7,3
1.4629056115203039,224.66589504404448,3456.792313116625,1,12
2.4281739537617097,209.2418061847437,2598.4105246598274,6,1
0.9039489979339247,157.08211099093933,3746.344284479761,4,6
7.135596276583399,235.01549397044957,2864.4381994787154,2,1
6.564019729082796,171.2181086881113,2989.316352825782,2,6
0.5801225899844106,206.10049073226807,2626.394160426088,5,1
1.3753185569276944,328.00422691343977,1787.8798698635292,5,4
0.7158609201580935,195.1970050137675,3442.022698180525,3,3
0.6704993527621634,257.4636663142838,3368.4219485462168,5,3
0.07516895553104506,164.84117874370563,2859.3362214408935,11,5
1.8809841419651863,198.25057547515192,3033.495358612436,2,5
1.397039265659277,288.5400317817755,3257.9696088520495,6,5
0.10570217476078496,168.65164711061163,2218.727071556729,5,9
0.6532518420207387,290.62242789984646,2735.4736613268524,3,3
4.777721902178681,235.38759677277378,3397.1323398109134,4,3
0.5477211042841541,171.8766612052866,2372.855288415375,10,6
0.3130617219709395,231.62038695277604,3146.7789660833146,1,6
1.3445442189472725,248.6277224813365,2321.7090976882973,8,3
8.48807396523052,231.0904981108598,3233.2149912167633,3,7
0.5542896271194524,121.48876400547718,2982.179258851258,5,4
2.2303100205945867,163.64314120875656,2192.434092047245,4,1
2.8677752524789257,187.62406822242477,3582.3696772285857,11,7
0.5426663446716116,196.2783285449977,2632.704211600975,3,7
2.6054978569846323,231.0336048775339,2594.8737814928095,4,2
0.917045598528608,208.88505004666268,3100.2845986154716,3,5
2.0010074954635426,133.23278206449493,3574.3186747143577,3,6
2.0076756542752765,219.00989255029816,2492.0890905108017,8,9
1.5347704999046976,230.52928726419117,3030.839924923986,1,3
0.1892583176232419,227.989522396552,3214.4082501652865,5,4
3.607289588492594,254.0390362777311,3346.552803631572,7,10
0.7736205873347932,241.6961077274452,3088.2207776386126,3,4
0.4128642132151131,222.95900396142184,2816.4860804583386,7,4
0.0832595195886904,196.49171442706765,2586.20488967564,5,4
1.787556809189167,116.95195332420043,3043.0719415231874,7,7
2.2637034685346977,221.4809109566293,2463.9304940071966,5,8
0.03345389511694124,210.38438435815556,1539.3247582526963,7,6
1.4352611690989767,213.57894185976866,3218.279902078834,5,6
0.5136482941099153,136.16257120898453,3451.9674205430974,4,3
2.072248683095384,145.94717297958687,1818.5337822290808,5,5
0.3832084450782675,252.6576426666452,2495.1346476450312,11,6
2.348425055135438,198.02224230716726,3309.5771305025987,7,2
0.9779174019622036,234.07503486863123,4028.7477348558496,6,8
5.520687635608614,201.41591880652305,3010.396853837704,3,5
0.2958888268785579,201.48780697478725,2635.998529385433,0,4
0.8342648679903435,246.9141902987999,2908.55177944758,10,4
0.24088857007399284,174.1977635891313,3687.4382095740925,5,2
5.172380794301447,204.80603884704917,2677.017910437732,5,5
4.196667414321988,176.8862355647479,2600.4039966748733,3,5
0.5966547401229778,178.27518862838423,2758.628238908984,4,4
2.157525478087829,184.54139382656803,2523.3356958706436,2,2
3.3989681452784426,211.10668858168563,3061.335157997398,2,4
1.6202647213730161,176.06256891682614,3812.3392292347803,7,4
1.5085588203878921,262.78780627867604,3161.5396365580145,3,1
0.5537540908758063,155.26963488902481,2873.823248936856,1,8
0.19545228094988146,190.65641779193206,2854.094365542228,3,4
4.550246450389046,178.01344708629125,2218.4045956516716,7,10
4.6135488552968535,272.3488942176866,3441.5548885735793,5,6
2.0053398389657695,209.82773882557873,2961.081401493599,5,3
0.8280930196226478,251.59222697343174,2909.760043204687,4,6
0.8591352316232879,125.7219813481514,4596.553783922431,5,4
2.588930859454236,213.35251329346295,3149.376454182843,5,3
4.5481946982145045,244.48153978117185,2624.104474952408,3,2
4.3622651387932265,204.1141994637712,2786.8212018972285,3,3
3.0271243838618065,253.27401875326757,3574.222854598377,6,5
2.05462138713541,174.1355774949814,3056.635205268882,6,3
0.1757834523921681,270.46737200927896,2280.861010841317,4,4
0.352588429366823,314.9449061809625,3459.6144672876017,9,3
4.576461000355011,181.85807197801705,2665.927957230503,6,6
1.864987893931179,177.7248739299614,3936.6488881087726,5,5
0.01847921122198882,272.66922385588504,3540.0240328573245,5,5
0.21399380287189865,278.97860728653563,2776.339052170624,4,4
2.178324774580482,173.85699864233658,3640.5081808675563,10,4
0.010148874103594005,178.99065914520713,3033.927755263702,6,6
0.3506316322083981,185.91076955697463,3426.3868375611096,2,4
1.5913956922778634,132.77747444828614,3242.366408647237,4,6
2.3546305733096253,154.0674026757901,2576.821672504563,3,4
2.1108829642704974,149.7929616623966,2678.225083841269,2,5
0.507899734616049,161.6101217447936,3514.9804087905804,5,5
2.4908345777970777,198.26575563066095,2832.6123339467294,6,4
0.5416475181056118,211.71073662682605,2798.1757683790015,5,5
0.7872698178361689,277.52502464070386,2522.4387103253234,10,3
2.7447151033315813,150.08229796306046,3211.7995327967305,5,4
2.097547628605536,249.21611992382918,4031.262459621573,5,6
3.783912154926802,189.30055778872455,2466.233542872864,4,6
2.143626576339525,197.52681451737834,3012.1097283363792,4,1
1.6800886111745148,233.7409746083302,3706.110277707715,3,3
0.19671412289682097,143.86389892188507,2960.179304377142,6,4
0.9168326144140401,219.12048730920253,3226.185898124867,4,6
0.6163202957176623,208.3226104106528,2468.80323592656,2,4
0.5594004073248425,224.62256320040746,3214.153548603824,9,3
7.2246188123258515,214.4584321953909,2906.4278674977254,5,14
0.9987749940800476,322.7650069955447,3492.8649978399317,9,5
4.452110422497046,168.1130007874342,3593.6930257823756,5,4
1.9946687714729663,173.4501522499091,4294.781821009306,5,5
3.1676505053767996,168.84297367876178,3289.816586606788,1,5
1.3968706487775409,172.22614404198725,3162.8981582910833,5,7
1.72031180528317,168.13064363467413,3097.192150788668,8,7
1.356586866683387,259.4508265553776,2823.416853594656,6,7
0.434429790650477,271.0252123994927,3169.2419217308457,2,2
2.5635236061316076,171.4626853125262,2852.2992949304853,5,5
0.6591547367325259,158.38222134478855,3084.2304881348073,5,3
0.04923296216137723,223.5707778193202,3658.79876780398,4,7
2.073937572590548,172.38884778595144,2496.7287173601794,6,2
0.3898671404496454,231.64659088777555,3569.939280564523,5,6
5.642166294546606,210.14615104256498,3658.5575336699326,6,4
6.1551248255760465,124.2127942501384,2940.9657365044604,5,8
4.927019769267683,277.3752600665031,1939.0725504957027,4,5
0.9245747929947334,289.7938836547761,2696.089006452784,7,1
0.031154630743888766,169.36056547578067,3648.4972732805545,5,2
5.2710469146637795,180.6149220032008,2988.565968850559,7,3
1.1178765541061226,214.29326953624525,2500.3488838525445,6,6
6.801684032244112,216.72283949935124,2747.612539385891,4,8
6.627470952260411,232.92721363364151,3420.3100132522763,8,4
3.834774034358838,300.5102269383175,3273.3667841006895,4,3
0.6975521363443206,191.15263862529753,2880.533950415153,3,6
0.9725838641973872,160.08513777307732,2816.587794092656,5,6
3.8094533049561594,131.03403859927363,2804.1209254780892,10,8
0.7622924628614342,163.45349800290404,2538.7949077507487,6,6
0.37143723259150957,198.34365135631015,3807.687844734721,4,6
1.6274739841204555,289.7278931758894,2838.8397653943302,3,5
5.502586941614084,174.11943504819143,3608.579260412748,3,4
2.3816511955158743,211.18939758194492,3760.6580259612256,5,5
1.688224672871311,199.1788551963624,3499.15544907398,2,5
0.20445639469864577,259.4196636724042,2784.1898436409756,6,6
1.9090614310354355,326.3466212936811,3201.8650451683047,2,11
9.221139495692634,173.45656135398397,2987.9021968045417,5,8
0.3018411732845283,175.52802787408888,2548.149069634936,2,7
1.4609906499630074,252.2080438534536,3162.1796408608016,6,7
4.197217275801589,234.09457448131556,2410.4801044200985,3,4
2.70006849670734,292.3353662868017,3593.839694230782,5,8
2.388148850603346,229.1964092662982,2767.6913513508034,2,6
2.42457511244898,182.035395460647,3100.57982793642,6,2
0.8909846846298982,229.53274153461547,3141.643935773071,6,4
0.6951241685341903,255.4351790291454,2870.547513147961,7,0
3.3147490145194247,241.0241090598682,3293.3469007376375,6,6
3.3226563981740576,225.36370155536488,2762.548171688738,6,0
4.03590009473583,253.3337344794577,3435.648648728622,4,7
4.889231923673273,258.4647795222836,2327.010159876626,4,9
1.4321864738658074,269.10794955187635,3063.189789773206,7,7
1.3923687551023984,232.43549437948212,3969.4644995291424,5,2
3.201899864616975,191.64409598415727,2499.8343376972125,5,4
2.0994381497756005,207.33568432166615,2661.127514737574,8,8
2.421101297023034,260.3254483254178,3256.9539248294577,4,5
3.1772389499084097,159.15321645063818,3089.790890969799,2,5
4.414646952693534,218.43366544364505,3175.31504963678,3,6
0.8249648142753084,180.33305938363196,3244.593565073832,4,2
0.9418735774551127,201.4372411467409,3317.360734280885,6,4
0.1973920783747211,263.92259313036493,3554.8499209781116,9,7
1.7268280532188693,209.55495340099517,3204.9093284642563,3,3
0.073208208421714,202.32182740780743,2879.3711726907286,5,6
1.2532138963642192,132.00719295100404,3336.2868506013656,3,2
1.564589171374252,237.31267830136102,3949.940967447608,2,8
0.675261320629045,232.27420905705378,2933.683126808713,4,10
1.7872650602923505,308.16273616527303,2512.7353476646795,9,5
0.06195012420294909,184.61108825234996,3553.5403346434864,4,4
0.07612699856557877,210.95751638319695,2939.809418023201,5,4
3.458702739076272,212.46918418553776,1913.6652269929818,8,8
0.8931700484154894,278.8726639881737,3423.710838575211,8,9
0.271778082594856,195.2352233806524,2732.3359070230385,5,7
1.4773071765580312,213.95107628851696,2954.7333588479196,3,7
2.9392958808914704,230.39482548582697,3165.9901652845074,9,3
0.4862360068598067,209.3304561578179,3095.249839889533,2,8
1.9504392373129857,177.67831927247357,3354.7259085695196,8,7
0.17842205797979457,209.7044996449154,2782.2568147150782,7,2
0.10613019182061881,253.6815874929886,3256.552899088041,6,5
1.5158178812510419,148.674235029447,2870.2266612080416,9,7
1.5558208853894844,206.64848370734381,3369.4052404437516,3,6
2.0290748964092318,164.99395925304134,3307.6837420065267,6,1
2.5899211258333685,259.7523314462421,2532.280648977702,7,3
7.4471140173999855,123.84065476081126,3542.991058087516,7,4
1.4525822384607125,172.05390763642058,2732.018277442976,5,4
0.7800394282119576,218.86059375322606,3404.0288991405723,5,3
3.1713079594653726,278.27620146171705,3183.6436567006704,1,7
0.6317029308722746,196.71248694635062,3919.0918383975613,7,9
1.1559668625466026,172.2400236653401,2888.267008814074,4,4
0.1634103371673398,294.0578534720295,2825.3416019409015,7,3
0.05135521908294876,127.5993049791878,2990.290197056134,5,4
6.574759846537204,90.0597021689959,2848.4101085828624,5,4
3.615535284230125,222.00072250266663,3399.970950971025,3,6
2.3812854655986833,174.89728878236946,2191.844695781706,5,3
1.0517192889302838,148.93835914346434,2473.158790426823,5,10
0.3806130722842175,235.41782236496766,2466.0985392104035,4,5
0.3402414831457083,212.19003568855993,3475.153795986788,3,5
0.5760119782531672,171.79606846316358,3855.3066862909627,3,3
1.5935812966266292,135.9847800664553,2947.7753907312645,5,2
2.5076985755535515,243.62286641400723,2915.5891384049946,10,7
2.158780699393597,232.51005889793305,3035.0260815565907,2,5
0.6568245227779919,195.04120681103086,3580.9391513040955,5,4
6.196206997112613,292.3318498023833,2536.3234329047127,3,6
2.6780348097504527,146.49576168369236,3119.1844913673926,4,5
1.6164609638626626,123.72374145376305,3487.5988148912147,6,4
1.8920609440748701,165.40459650593777,3250.5470849699227,3,7
1.0880757310641027,197.7206991822251,3094.7908082993717,4,4
0.569322584548127,212.16697246613458,3500.5230462835707,4,2
0.8800282586462248,187.9381971071835,1648.3838535003815,5,3
2.8363636955134264,217.60276982571483,3338.9376597654536,8,8
0.028996159441608552,137.4230287904778,2672.962158436288,5,5
0.2467607844799521,272.18823020366295,2084.6835515717717,6,6
0.09418875390504106,195.89244108037155,3255.6012997624903,3,2
0.08316290383458486,255.8647915794064,3686.829272581479,4,3
3.868406067231317,217.13626731888522,2931.275742686154,5,3
2.4324812234013766,222.8376609576892,3476.4372736014693,6,7
1.2855691888257847,228.4883640116102,3806.1391289943226,7,5
0.2059138368956265,222.38542800086574,3657.457226792024,5,2
1.3530359315944664,232.1361379933772,3819.9822646856965,2,2
1.2829006641887424,266.4576265066216,3371.063745535946,6,7
0.38038942560044997,209.8260584850735,3037.7168194507963,4,8
1.1377982626046477,235.4501878794256,2199.017094051416,2,4
1.0166732291664138,195.51321528563867,2876.968755935026,4,4
1.913444865826269,272.0058607724736,2578.376702341904,2,4
2.016229072081824,166.1803848970365,4085.471358748907,3,3
0.09272464804106946,290.0470216455408,2912.0570937838315,4,4
0.938768009310123,197.99210246778284,3061.6024033922426,7,6
1.966249989565457,128.4612448940976,3275.742688020234,5,5
1.3988789052155794,206.40522074553945,3021.8012231862267,5,5
3.8826989063508774,165.94741712625597,3847.5255202153767,7,3
2.1499495281099956,242.0321774494362,2688.675319132774,9,6
0.35570573753461465,167.36880103488045,3097.3037276186215,7,4
0.14636487251248168,177.690828339261,2628.764707150976,6,2
2.056788294217782,105.52296345272345,2339.988744389647,6,5
0.05373814533478886,177.38468403754615,2694.1154545473573,9,7
1.7626947556145813,78.80603366855216,2981.481601475794,2,8
5.634510910774304,120.80485882571384,2785.34888774137,3,0
1.713564891155089,238.02073280721487,2653.789510063072,9,5
0.9826013844478145,239.2900079325416,2296.841268164083,3,4
2.061654315689964,221.27287808924825,2958.4472136856525,8,6
1.2259119481021825,151.65119284353935,2247.639812984499,5,4
1.5776287211526403,197.614432192901,3380.027981844801,4,7
5.676254292465998,199.81987304547158,3041.2198764672517,9,2
0.9758550547003743,142.08176554037286,2271.2242502675344,2,3
6.498183723013508,275.1699150883575,2845.3954614750683,5,3
4.715152367539838,243.86811452878356,2623.9217972047086,10,5
0.4357925218809,188.95179130851682,3159.5872552095902,5,6
0.14376831060631404,201.34429194972654,3670.2252230115723,4,9
0.21245067096326042,210.41914039737762,2062.413765177128,7,6
0.03677977569446741,97.91325657878546,3057.5130395737087,3,7
0.19841002331150828,187.64113087397016,2919.93360221668,6,2
2.2977497451543343,165.90078760011008,3335.670038225233,3,2
0.14769925389285404,149.91899950525422,3106.5983141188444,3,8
0.768314376589737,185.94498535570224,2624.0153341305904,4,8
3.727052080194554,289.88432634247613,2840.473032166691,1,8
0.04709400636142302,232.0421430633505,2601.9870715982556,2,7
3.369061012371917,171.44105051086015,3538.003569299299,4,6
0.6621669336792589,228.62913906780793,3010.655824335971,5,2
0.2515002396582153,269.9677718293001,3950.5953428765038,8,7
2.386310816879827,246.23168414563844,2969.6695930926894,7,6
1.9827983528664406,202.9815184960087,2645.7966165447688,7,5
4.1988316281738935,167.6531611147213,2243.1428036935863,2,6
2.6565871575288007,234.9111656806795,2098.4301618720274,6,4
3.2539916119879564,219.67426927108747,2207.932028497255,8,4
0.6626677246134771,244.7596610013866,3133.563325505742,6,4
0.39066659208089394,231.75859008409847,3254.362511614967,4,5
2.7775127920108496,252.47763576596677,2209.4046489839334,4,4
3.288418366486839,173.2382394219716,3447.5191570380575,4,7
9.314009780280461,265.8697032817163,2758.4694741582803,1,2
1.06415870830521,209.87998023461998,3073.3965059927746,6,4
0.9304878239234654,303.76304363126326,3806.110314127712,8,1
2.995909006687174,165.5406090955216,3448.419657932766,7,6
0.8334673418615063,286.79819015826246,2865.7346760470837,7,1
5.340275848798653,209.8955391731324,2554.403887292356,6,6
3.9096783143324982,167.42909981927758,1924.0922993353474,6,6
1.1207112188843193,175.80570829728393,2640.42334037879,4,0
2.779569432990922,183.982634590284,2894.4348805861528,3,6
2.8092659737100343,221.20829732009582,2506.410236424408,6,1
0.21767503761343604,226.14177440177497,2934.3715164538476,3,4
4.656891361735264,171.31499980307106,3038.425941479384,10,6
1.4074149795135087,198.78227038695087,2887.5720090959608,5,7
3.50266511504666,307.11351793059316,2674.9987095882702,6,6
0.7714708523290166,286.3771585050356,3084.327335983364,6,3
4.517581029091852,221.8161834837016,3220.9703247847046,4,7
0.9859769081203424,201.90017390841,2454.800461278577,6,6
0.021793613230350957,206.00156633591305,3705.466189873135,5,5
4.715814593924907,230.67589863652083,2950.7059338578692,3,7
0.1914512210969505,148.86037174007973,3009.4248114724237,2,4
0.7693072667700778,187.13117312883276,3354.1072116282785,3,7
5.993944766376571,116.57079630612053,3116.608065631751,2,1
6.015899080207979,219.96115613026396,3476.5683169566228,8,2
1.7039945821105276,232.35979698513705,3143.562082600912,7,2
1.9984601607810493,175.84067688503131,2693.781312679781,4,6
1.1900293272457152,278.6993381645016,3180.751762603051,3,8
0.694045557492394,138.71171684988295,2428.136896339669,3,6
0.7969726691007795,126.78125598950899,3054.2798528882618,6,0
2.2326471598570126,211.2225909279986,2983.3850046777698,5,10
2.7916757473261544,252.35491513060774,2895.94157136373,1,2
3.1363908324422973,284.1963845728934,2935.7312442805346,8,5
3.1176620636974834,177.055786856553,2059.0754772511805,9,8
0.19127389308063888,253.93404167156478,2725.6375461295193,4,5
1.364099193146712,198.07457652496464,3046.4224505705574,7,4
0.11856341289747559,191.36863500295902,3079.9281959987,3,3
1.5949226313907858,244.1829968743336,2486.162429537021,7,7
1.165110549974567,232.616143920671,3632.8539204323506,5,7
4.373237328441602,121.18039215078753,2566.9125758927494,6,3
0.8643832389357702,273.8270174862948,3484.728600263368,8,3
0.24901195510490173,269.0045677073726,3213.5971809358425,2,2
0.30861530908423873,168.72186492452352,2676.8863450780987,4,2
2.8668610941581876,219.79017667187046,3887.655446304756,9,7
1.92581135949607,224.70150931413696,2403.18158412176,4,4
0.21321742449077088,213.03368829119535,3459.577086805001,4,1
0.17571104333721016,172.484742307729,3500.291159021489,3,3
2.4144169433061995,166.41883160309743,2664.6898954616777,4,10
0.15109217905159428,198.72229645042773,3696.232650032164,4,3
3.4503717076171627,258.63645096296824,2874.9767427005236,6,6
2.44999950626001,227.1800077297216,3144.3468146399287,7,4
0.16969750116062413,181.4692833956947,3130.16091938561,3,5
0.17730773555561338,238.58493553241723,2932.845629264726,6,3
8.630917124116184,57.57286896849624,3405.404136579891,8,7
0.9376751651045792,257.43828501860514,3396.7443602761064,7,5
0.926110520950625,113.01431106109501,2125.7340133809093,3,2
3.351150806565354,181.8779529298434,3652.1701214390764,4,6
5.8843290759264875,144.0165052686928,2168.754005982163,6,3
8.537547879203968,135.2659262139547,3516.2731021708287,8,2
2.7997984602326835,258.04133936892595,3563.3525684137917,3,7
0.9440419992382513,176.61493993440544,2454.516784892401,4,6
0.17438798739591452,217.3251940865358,2794.5928560227076,3,3
3.0024850809092514,197.6539710560408,2447.147665757032,8,5
1.634720815122986,223.85204136115607,2892.5394848556325,1,7
1.1040662506099475,203.84109455301277,2845.9828579071295,3,4
4.736475350956181,135.85038879057151,3389.8302661346697,7,4
0.2357604159437605,249.813340972357,3655.154373059804,5,3
1.3570102187459085,175.31217084193437,3697.8419053949783,9,6
0.022837178865083338,122.17090506701244,2718.9159867108488,5,4
1.2647087391658525,178.59424195170436,2895.3890631277363,4,5
0.11590086213185155,275.03798953171554,2158.280903889525,5,7
0.25298199186234244,242.51108710567465,2597.0649667519056,7,4
0.25005246401491255,182.56739327960705,3482.425816548729,3,3
2.095136772813943,182.53711478407857,3807.7914117741157,6,1
2.7411954351929455,183.91824743913088,2382.825564060039,7,5
1.751107554405737,303.83739917804206,2703.7678704235527,4,8
6.549440418204754,219.09677261157768,2986.7971215205366,4,5
0.9395931558405344,221.50208235955347,3140.0805794098032,4,5
0.6729383148411174,251.51417270159212,2595.198240039177,3,3
4.059005076340459,211.93945795132566,3212.030522232045,4,3
0.5061641354637068,187.04789270896484,2763.080326464542,2,6
6.605740212503822,190.1825075457511,2992.7738645608606,7,5
0.024457888717938615,196.4199370292968,3273.14212400185,6,7
7.0050538457589635,198.1388881745079,3003.211134905469,7,6
0.08823799723700379,236.381477181849,2781.8070547367156,5,8
4.435442458320018,202.59729429036497,2945.195098037085,4,8
1.5002865006987807,236.63200386077895,2955.818520397332,5,8
9.913657215852066,195.96417099457088,2814.9944850589363,4,9
0.15332275190890987,203.93175951580454,2870.601968666449,7,5
1.6142193274666976,100.08996577339462,3799.3235852523585,5,3
6.96715044251201,245.81638373512408,3280.4597239706195,6,4
1.480887866362088,217.32442379489964,2852.25984098542,5,5
1.9852565807623748,249.9005054929826,3348.477202255368,2,6
2.3798024762335483,55.18723109031555,2833.090255121995,4,7
1.2122555113539017,304.4187352390364,3586.5623187933206,4,4
1.9753483460160441,193.0205185922413,3184.821096099047,6,6
1.7556517236115112,255.40914083687582,2946.3489279978858,11,13
4.628465538965295,148.00470364372347,3223.858462905139,6,3
0.09302292348696195,230.63869525312847,2214.5619239657503,8,7
0.6596854517975169,147.32922184131718,2436.616265545097,5,7
6.007992011721862,168.81155196520973,2403.037496800472,3,2
4.419351656906972,295.7015676933393,3071.4715473818533,5,5
1.21635052391924,190.46587996183268,3866.257499742546,1,2
1.9358660574779545,210.87164365898616,4115.650073096316,8,4
0.6497468397902603,243.5033865344377,3319.0255507203788,6,3
0.416808322872129,224.78409439863023,3250.4222374722285,4,3
1.2461171976081975,207.52094525717882,2099.4711329236306,7,1
0.8719070692334667,218.24805012331126,2728.6631001329893,1,7
1.752487412013286,320.17077926191376,2606.1081240458807,7,4
0.16184456886636958,197.11906014832073,2689.576200874442,3,9
7.329920245045135,210.05495233574837,2915.9280907076054,9,4
8.567731151105077,252.5327198003806,2763.954711151436,4,6
2.3957277638255787,255.2762966478992,2010.3500948121061,2,3
1.5361568688241798,259.351515278019,3373.955128058767,4,8
0.74075860310872,231.93651110145925,2463.628487130097,6,6
3.3618143349759935,142.84975436347582,3119.623432055575,2,5
2.3086591672976313,281.6715766150548,4037.0413348749867,1,3
0.35494730820097675,142.6827303490656,2540.3077042067885,7,11
4.836602183998255,215.13177326195165,1734.8562386268352,7,7
3.4579890227345427,162.28620749903212,2856.9978890599446,6,6
5.983477050066872,196.79308267035037,3550.4798174992857,8,6
2.5872080083922686,216.43812051517403,3979.173727110297,7,6
1.9008080391827455,216.06786077251365,2385.2252027737914,5,6
1.0834050131862267,221.09603771176424,3248.349611618261,6,5
5.398036723094236,280.68556345293234,2767.344771609973,6,8
4.02078476009384,222.67671507569898,2947.025822847932,7,6
0.09254587730624557,187.79216823546756,4322.171673508517,6,8
0.05344163373302273,248.20435841441787,2248.5148358024235,3,13
0.9446955231665257,259.47352444623203,3126.869830747287,3,4
3.3272954459921724,138.61960924315036,3233.8465858827167,1,1
8.728550936440335,229.8700034924929,3542.8931624696734,5,4
0.32601901986895937,235.0586371155449,3048.991576735448,3,2
1.8034482604314714,185.1218248320004,3154.0252697520514,9,7
0.9589473995161922,268.785340665581,2804.1757162891045,8,4
7.007417108751925,192.49722064837366,3134.5634706225537,4,5
3.6918264148672693,206.2788226735771,2828.403862251295,2,8
3.6443800929397145,191.34640878580652,3310.7859449280254,3,6
1.264831142279547,200.7789523790734,2815.194831978183,2,5
1.071669872654698,145.1862456552399,3188.5501969510933,4,2
0.6387777843001224,127.99745587028528,2985.368593157511,4,6
0.11605392768967243,279.7252531612486,3563.0251253860843,5,5
4.000852280006621,157.65193258408362,2974.303138205757,8,6
3.352234878499846,150.43038252718463,2113.4837658965594,6,3
16.344891195636166,92.33049431981426,3630.960750356996,3,6
11.389746801488666,168.05191261552488,2547.1338495686905,5,6
1.621303185282788,133.84551032962509,2673.11683067559,6,4
2.9305661804125216,282.10075800681847,2702.1693529782538,3,7
5.792343365748872,250.4908544671317,3687.2190465854087,8,4
3.7895440294184914,165.59248274111383,1932.1628930106522,8,0
0.568304889162293,312.62179026721543,4568.8742668299965,5,9
1.197653654799729,249.0882743495797,3528.028404533026,4,1
0.2765926886261773,183.75843082456888,3111.61945706458,2,6
6.160447572883418,75.02971425632134,2972.5529996918567,6,4
1.8636954051772363,314.5471286295371,3142.7770374288284,5,5
0.5192074508369674,130.5213766618202,3260.561214189669,6,6
2.2276590783465005,117.73006265215541,3322.6077929750286,7,8
1.9253408694861434,251.128521600482,3277.8022330017243,3,4
0.8868409245942122,321.98762031696367,3044.7903406276246,9,5
0.24107824279693854,269.2136409255259,2901.3307898463368,2,10
2.226882567038204,228.195456002618,2924.3633581732443,0,5
1.4692208483720754,229.7377170832643,2902.5458598236596,6,7
2.95961416192103,242.67077793901538,3566.885048433532,4,6
1.4686197208470302,237.94642948933824,3296.778361140431,6,4
3.823540222616968,214.0595711984688,1529.8056826678599,4,3
1.605508238042975,205.21005519759382,3327.9503882648805,5,5
1.6462291619602942,196.8703436050239,3097.3680973593873,2,4
4.185517286459543,162.30177055666618,2990.6456217770515,5,4
1.033294627976234,185.9662461566613,2805.7407734555572,4,5
0.2877759107805979,115.35215929023073,3562.0563599930065,3,2
0.05841004286418937,195.0830186602625,3473.763231061429,5,7
2.8141149053251713,150.57044464245413,2613.5611660881955,3,3
1.9367979341213593,144.82053413921145,3203.5261435622674,3,5
2.435330695595753,208.99470755767393,2514.171632729357,4,6
0.47896298698688694,269.60011431722995,2310.1909176055347,8,8
0.2932251024565573,245.91583030011566,2686.641387705017,5,5
0.029302952531337564,121.47496981884115,3431.1967361913794,4,3
0.8633745230301385,150.51859317148313,3476.5625226880434,4,3
1.7827947513298892,247.0385593994108,3256.5427100486463,4,5
0.9959637351223014,150.87563032308452,3362.5478934239986,4,7
1.1506391256568624,188.76834250014878,3258.089143557479,7,5
4.690123045962883,227.5026049512276,2679.259202388524,8,5
0.8562052288502234,151.58277725681825,3215.9612723369705,7,10
1.4430500561446422,205.268775307298,3400.204762613841,3,2
3.0617434754394033,133.2987252540898,3377.1456649067873,6,6
1.0101602625983594,169.93161780243932,3594.4566857373215,6,7
1.9461809507061707,215.98909670712686,3354.151923600532,4,4
3.9662812873686133,120.35031332341653,3175.7241037707913,6,11
5.972380830749335,222.02373689801993,3535.075119158214,9,5
0.31816375862967194,199.01811005366594,2986.73937037547,6,4
5.223325526084158,227.6244977208574,2559.062674386141,4,1
1.3550055619910613,211.19570670323307,2918.466518028118,6,11
0.5974709087027915,268.2070214986922,2627.5486775967756,7,3
1.229173934741395,206.26122513239537,2662.410862512809,4,2
7.827306195161183,178.52972294373734,2927.740664642241,3,7
1.3569825853347195,206.1148751516142,2603.7900395000192,4,5
0.7972320642009996,227.1649014518194,2846.01923518048,5,1
2.006972547915319,202.44300351628522,2053.192666523107,3,6
0.5492569354312059,202.0295845601941,3106.6468536864695,5,4
0.15779060995247007,164.90041560966222,3000.602737681112,3,9
0.2759504394248317,166.8549541224526,2591.4556844659046,5,4
0.27403684813401424,129.86973641001532,3329.6228342162026,5,9
0.32951980311334594,287.478837159347,3468.7850688132794,5,5
0.2989201321350331,137.80683823043574,2196.220067815513,6,2
2.048168102151613,165.35474011020463,2618.637610716893,6,8
0.40149271406896325,164.0796367215401,2615.428825106351,6,2
0.8482786315896105,244.74621884722205,2530.0484494455677,5,7
4.5419482502567154,185.2525160853986,3414.737420965874,7,9
1.2847622832931873,262.3871036336867,2903.0869306135983,3,3
2.202578167304761,166.32546878780659,2867.7425793446946,5,3
0.378257034226433,213.9497081111901,1998.0688177966233,7,6
0.4271019619901901,158.23264733701214,3317.709015104613,2,7
0.08345442543513061,307.2574563886694,2380.370802573264,8,2
0.37009468813116175,140.62007904852436,3029.9663151331642,4,9
0.653096237262291,215.49103551135138,3138.688468979096,2,5
0.3896236349662159,231.6888440466049,3680.3292979193257,5,5
0.18577181572073515,220.6899548725749,2345.589800440444,5,3
0.25711242698670506,190.7356170561146,1490.2439220895874,4,6
1.2352586867307582,193.5089650133287,3091.9247723768476,6,6
0.46218441269019317,202.19057359895547,3900.255590755427,8,4
0.905962231021837,192.64989991857556,3619.4731764697185,4,6
1.4000103694286608,248.19395583974548,3104.829707637313,3,8
2.3449148680250844,310.52615007956757,2754.1819071839764,6,4
0.08021146020003085,172.1254107496083,3403.561298318655,4,6
3.212988487652239,131.5098510210461,2513.2269001477657,2,4
1.9771873807345928,195.58589758243727,3238.1788846781096,3,9
0.17059086075266852,328.98546688271597,3252.7350795833136,1,5
4.136269396976181,159.81627160151345,3530.10495374944,9,7
5.073387092757856,281.9558402722034,4379.830019455539,5,2
0.1260456551203268,283.885040703822,3196.2079835893837,3,4
0.6483536862573016,172.32058791460028,2745.5181871462505,4,4
3.281870366453285,228.44915395926375,2987.212843904003,3,7
2.7587144804286168,281.4198311564269,2115.462047555441,4,3
0.40795926412360095,181.04361295062566,2652.643434455471,6,4
0.4697980623630665,189.82098199488192,2795.358780943448,4,3
0.9255702200487395,170.9159543025678,2737.9558010327037,2,3
1.3253251293372288,149.26216346535665,3076.177436016861,6,2
1.926003668117104,167.53612274669965,2588.7900338089,3,10
0.9206251260007023,138.8029866618872,3560.5153336622357,6,3
1.2417822184418352,201.7041734129613,3000.1035324590985,2,2
2.752457880779685,161.5013384470679,2995.349839430693,8,6
0.07474590464295693,211.68929558953738,2836.0526417435412,3,4
0.5818732437647944,122.20521768981864,3077.5953419294897,6,6
2.4989837499120515,216.54401161072286,3412.5491323338174,4,2
4.511533508661227,241.67644808044622,2566.43489214455,5,4
1.4335582244168017,100.31321787142723,2670.9417554623715,6,9
1.5190590047061379,218.70282849237861,2848.1369856116676,1,10
0.22672267708132676,261.3834496236646,2327.0645382633925,5,5
1.1862864921671017,139.51794906543972,2590.371070139251,7,2
1.5212135981105799,283.62861934188516,2761.8895632276704,6,3
0.5553856065213066,220.95095046830227,3437.1945903563637,6,7
0.6273492237570877,164.74940721207957,3131.2806645009623,7,6
0.947329969604944,197.2115461171147,3096.794955683772,4,4
0.04055072150062903,227.91634562608613,3425.448981083986,3,2
0.7774495225122715,203.80026957062057,2931.3141058003016,8,7
0.47511387124725973,226.93779962231847,3195.232424964445,4,6
0.7934984604639653,153.9663203460317,2948.389123533752,5,7
0.25512620656956253,208.46804120180389,3132.681174699814,5,7
4.424159799886049,129.314275154751,2708.620671194209,3,3
1.8007976277591196,194.438696932565,1780.5914208617855,9,3
2.2732659157860633,154.8046179267605,2932.860418906848,8,4
3.1134180647555825,163.22350287051168,3711.37406804997,6,5
1.3800728436977703,261.8046587605219,3463.1077011207963,3,2
0.1818641890349117,254.56550602971345,3482.6987422955854,5,4
1.5405167265896451,230.45690604535883,3618.0653609031087,5,7
1.7678461157427472,145.38436176637106,3044.328795480719,5,5
2.7364332976168186,184.1795775152599,3098.6578537027976,3,6
1.1300692987659642,260.6548849989592,2691.174052282825,7,4
0.27296933345862445,207.08584568199524,2841.963571986475,3,9
0.6675243605234078,315.9664769990847,3307.885574885571,0,2
0.9022296509492469,219.6658919697186,3601.9422185844082,6,6
2.0764492232437233,209.6024558245016,2930.2768621595,6,4
1.6915634424028392,184.54417678987494,2774.9053675742944,4,3
0.8804135193036123,206.6770452391141,3000.2639794282986,5,6
8.612391544339625,192.3765081809728,3300.6033744645574,9,7
1.8616660169344186,235.40543383442952,2278.072591933229,5,8
0.5415890575135999,247.8351158397292,1851.9095234313809,4,9
0.2146860092497737,160.70052697460252,2724.731575254208,3,5
0.33177658517965175,133.4383523221111,2389.643787042921,6,4
0.5646136987902819,108.18973134483517,2745.9299011763446,2,3
0.35032974990858806,225.3995663456272,2926.1098405912644,6,7
0.4129834909091608,144.83166969130633,2773.375795488493,6,4
0.6712116964308931,92.35547035237586,3726.233767235373,6,8
0.380804867325774,219.4289302265482,3163.37238230116,5,8
4.541502898711831,324.6499758716395,3150.237179805414,3,1
0.16727142518400032,199.69645442300532,3311.103572021701,4,5
1.4868247002254054,241.9245387225821,2430.5834411096157,4,4
1.0566111129786047,204.09146792737826,3519.555893710134,5,3
8.07728433203184,195.05551734044286,2962.11785673227,4,2
0.2376546913948098,245.95382414938842,3335.2403086206064,4,8
1.0145159874848608,185.48627279056743,2464.071383479922,5,8
6.97811932825343,213.36961570359514,2223.120616991968,5,3
4.0124881239363095,216.08489030980067,3408.944829012514,5,4
3.397326068072359,166.59547731784755,3188.204763048758,7,12
0.5965501670670093,249.60211747682615,2548.974222821245,3,3
0.3747990655729751,191.25201216522956,2565.168459362653,2,3
2.209119197363567,162.21274202535776,3562.717392207385,4,4
5.300770189919911,226.82549217852016,2405.294053566336,4,3
1.6273008438094845,155.07660091044812,3821.336476627982,6,4
1.695455122917173,201.40905786845642,2549.6896326760657,3,6
0.6569500616213017,199.54405016778983,3319.1959628041914,5,4
2.934947516824177,254.2947782915789,2835.6907621255077,5,3
0.4141559642921417,223.73491164399763,3301.5937155411716,5,8
0.7821756262384653,198.7486520627428,2727.9429989429036,5,2
1.108289100139661,240.88831496001436,2918.6035469638528,3,3
1.416969925289397,269.5103774508657,3020.4595876978606,10,7
0.5552251671392117,227.8905153175931,2498.9062721092637,5,3
0.2439665442882709,200.51763099216902,3370.412172710063,4,7
1.886399314858713,134.40818838249203,2743.3932167642074,4,5
0.6811267368730836,146.74431684623136,2885.7000423299905,7,2
1.7409061365848872,184.73876478226663,2502.825312695744,3,9
0.3353295055413596,169.52438989203586,1718.8331706023448,6,4
1.312242756057055,190.6514348507277,2904.4861186999156,2,3
1.5210944962581556,202.83249624485535,4206.307710806458,4,1
0.10642930291424266,226.48463771783653,3392.302143949012,4,2
0.8207672027608465,196.47506109704543,2990.3698101328027,4,6
0.2886986536638632,224.3250821913101,2868.554585395866,8,10
0.13094451754504977,203.22372074050602,3011.232946406023,5,6
9.202402622790649,101.22667168230643,3273.559557587605,8,6
0.7782600450388405,153.03323030906228,2409.5935923455777,5,2
3.3201412275397972,192.79562221391922,3557.160847334436,7,4
0.5877776685868028,139.5152628579446,3357.690657720622,8,5
2.288282702040703,229.99643649981022,3359.0928628539673,3,8
2.856132445656417,276.53754161718484,3219.2378694048634,4,5
1.8108931883382795,260.93809258486584,3009.8083288469948,6,3
1.2757132880905435,189.3278564534896,3336.43061798341,4,1
1.0615156270107555,274.5363068424976,3295.907066870689,4,7
0.8580866034079496,207.43337286010558,2822.9796445294883,6,7
5.305112096441562,183.14570144409802,2713.1991135515495,2,4
3.551214142283596,169.32986682295302,3050.9281476309934,4,4
6.706352778831383,184.8765156755936,3774.510075747594,2,4
0.2654570836722111,180.59115907293855,2380.4464621730494,8,9
2.625102726921015,208.5208111187744,2266.23736712378,7,1
5.572254530522481,208.02869905249324,3082.3804206182585,2,3
0.39991161940159536,200.15230100767073,3025.443850928009,5,4
0.13762063494499374,221.84690848731748,3086.6708321852043,6,3
2.702786306377244,259.5323137393171,3121.97659895425,7,3
1.7088542883973394,247.4777067720662,2888.3988726825974,7,8
3.6881542826429556,125.75510157750483,3744.931719301041,7,11
0.3011164928283852,72.30394325490226,2199.5480107617423,6,4
3.172100222063736,246.7159955619637,2585.751487609877,5,2
0.4503595461340459,131.65606507922894,2948.372619925476,5,3
0.357430397931036,188.76172990536583,2178.4055944229162,8,4
0.3588893131199014,141.49434869703202,2912.0727977839642,7,2
3.3702065651280173,109.90097812099901,3830.735082864009,4,7
2.188427278031938,227.07313641023939,3010.4432441479807,5,2
1.4807519126920887,237.95775801513236,3115.3504528593417,8,11
0.8889228033561363,171.17447996366403,2369.91761741371,5,5
4.194405334588665,70.4478853927545,2691.8192959802614,2,5
0.9966254993948899,172.68777758737588,2812.4018098380316,3,4
3.3921653256961393,219.59020027012733,2841.142451621883,7,4
1.1565497622277607,126.05442156129357,3640.8218975018845,3,4
0.9462391316354742,209.16799598895778,3278.8455303625624,8,3
1.2423221197992051,199.2345075413502,2444.271021531484,1,5
0.7172905508612841,228.9645749800544,3123.2523892160025,5,9
2.753554625873879,205.97901842070766,3249.1108742483925,3,5
1.397205631391192,151.34655295592222,3570.074519260633,5,2
0.5284850619941305,259.82857508322456,3790.2703432841868,5,6
4.596679699101167,192.0735213486515,2492.4529040860657,2,7
0.9686634847174226,198.6347730245034,2594.571244394831,7,5
1.568564764355527,153.3366020463402,2371.211070542692,2,7
4.738991217419253,177.83588744042447,2882.9900704465094,4,7
1.9575986077146614,155.75986429865495,3233.1791872231674,5,8
0.2486292317155595,191.35269700382884,3493.667258294551,4,7
5.621233367864418,285.5854240071172,2962.0244881787385,4,3
1.9761538578696525,131.4049428534322,2840.076238372578,5,4
0.8156526311026188,119.32193010616294,3075.87899612437,4,4
0.2999536412328516,273.55851637468044,2582.4285491849887,4,3
3.160002791360534,189.5338161424067,4044.7693608473865,5,7
1.9355510151257047,166.54636306700417,2196.1694864409706,7,7
1.5248277160980563,251.99523436980382,3092.3702894478624,6,3
4.486606661072891,169.7192230131568,4011.8031096148197,6,7
3.107980027392144,291.30048567734684,3003.399922279999,8,8
0.32898264025268176,233.89629356696344,2904.980482499253,5,3
0.7471251027916009,175.60442959271487,2821.2772885947866,2,4
0.5713392370976759,307.86541066327516,2909.804159118796,4,7
2.724736123736823,169.71425384983309,3686.424237338265,6,1
0.06821507971567586,237.10476860046535,1894.0690443352466,3,4
1.687427112772286,214.9646290203246,3766.716850648163,3,2
2.8748274317195577,265.0870644699399,2288.0214237749274,5,2
4.187334688771876,278.0755598363426,2866.6738353827927,5,5
0.8373491870901855,201.60020745328833,2785.377789850669,6,6
3.443615927082006,162.32910648269083,3294.2766348853597,2,5
0.23448777019755468,222.9986071469558,2200.9378240581264,6,4
3.7474879144233753,166.1142315123947,3231.0863330409716,4,5
0.2727592610561417,300.66936237633115,4012.154811643426,3,7
1.0126292624197286,206.82676655413687,2318.4129977035946,4,4
3.19201072665298,181.73392243439457,3094.853083805198,2,2
0.32484357984083234,209.23401529324542,2669.0089111016955,6,9
0.5207860448895019,132.64368552351516,3212.943603096518,8,4
2.562086195289811,151.4192980744674,3009.573888707876,5,3
2.5461923439833893,260.0206953972213,2679.256545477845,6,4
2.0496884174747816,167.1552860514302,3243.936142435537,5,4
2.368003418175234,147.65445086590302,3902.1740548933717,5,6
1.5649382023912763,226.83263762636432,2904.5481041363505,6,4
0.5801673985188198,259.28520773314983,3359.878971074091,4,6
0.8483663875865268,235.94766553325334,2353.363521064418,4,9
0.40080254903306367,249.80238429029083,2521.781811590996,5,3
4.7817522786473035,162.16024557152696,3236.2031389401886,5,3
1.751218109273197,128.90946666290782,3742.0580142679823,4,8
1.0244913189580447,275.06668259777433,3177.80667439283,4,6
1.2398150126423266,183.86600805789323,2843.470984738423,7,1
5.885647473994422,187.45834917724764,2999.645702711677,5,7
0.33293910025700135,266.4097070924529,2374.796133015141,4,5
1.764889218217108,227.811500470033,3302.2576631776833,3,7
1.4099888815863546,222.79438860408038,3441.1665311617044,9,5
1.8906886360061455,308.2501172450542,2773.9548335834597,6,2
0.03655236081299447,167.82408848099286,2764.978926120249,6,6
4.113387045081393,246.39200640406187,3132.9391148260243,4,7
5.379977073382504,202.85065624485424,2781.6401319797023,7,5
1.6654309278867954,213.42961394316285,2966.9336926870888,6,6
2.3857414810519164,276.4234213206266,4049.8608945832575,6,5
5.1149387156912525,225.39178781448118,2876.4871496270016,2,6
50.13422716861231,11308.776268121526,9.437592809194467,162,149
2.575882896578028,10579.822348075326,10.246838267001921,145,141
46.91260133836938,12632.014839436997,10.889183990146257,154,147
8.282248169814812,8922.430324305224,10.867670480177754,170,134
88.76970333144808,9625.884967052674,8.49376533875884,147,152
21.960102392728245,10190.924082716592,7.754170645104859,137,163
16.533227089800082,7940.778057821199,15.006343581811421,178,152
91.90765303777874,10453.863887600495,9.032031320798893,163,170
2.572245455698338,6562.139174092306,11.398424877343974,141,146
25.259476764209943,12093.909068856417,6.784717378953607,149,149
23.1020539786359,10093.274733131931,9.440774560190647,139,145
16.759678920127147,8958.214192192474,9.745601232035114,157,164
121.3815336104506,8331.252775409757,10.945630139855664,138,149
69.50074238107433,9530.841940761626,4.555091718016122,137,139
3.3028858167589923,11376.519421544826,10.332281226156661,136,153
62.708501548298955,11095.477957475121,7.700517089264214,144,165
37.46462536564074,8588.924105443079,10.648691422389847,138,144
115.56509591919641,8307.920654744732,7.927341606323674,138,162
18.767091514168396,11313.797412639295,8.289034608148837,158,162
42.68481429057527,8555.305190769941,9.452744779213464,146,138
34.73294360359965,10119.819548159006,7.895341060793609,188,130
33.62419777515533,10247.509285048554,9.04893110652929,139,126
30.449990000525084,10624.124263453477,7.613248462913369,130,154
11.510263554195607,11716.540860363744,6.3336590966025454,153,147
70.46994587790006,7474.074126265355,12.035914104858719,144,139
30.01345531816424,6177.681349479024,7.407902614352143,181,135
159.12270487006208,8865.105437543298,9.642638224784033,156,173
15.109907957138805,13603.056815664371,11.50578216298757,127,151
57.402287726844804,14044.348200174758,8.770111794967914,132,143
141.27170176800155,13662.354271131775,8.349668200508924,137,136
54.451664161556735,9614.03726447862,10.452476177334843,157,138
102.50303392552047,6435.769836030342,12.235867645454304,156,142
87.86238351908477,5313.921796696319,7.661369469827062,154,176
22.323552499863396,8771.923676901177,9.699704335965123,174,140
45.83003148681395,9603.85273970128,6.535010810065345,167,171
8.495623833106675,12601.250802111917,9.21359799263562,179,148
38.34247219537229,11735.610919084891,10.06840936907615,146,152
13.095646484649675,10454.810157983242,8.29075071648987,132,137
68.07751480045539,8220.310458117718,9.086016332349537,176,149
37.54500381262712,8078.4408835102195,7.1835464633851,158,146
26.485759225407868,10508.255374142871,10.154157222762986,141,140
15.653214376241648,11394.101957679453,12.111388497766299,140,152
332.21119407423606,10783.762524491169,7.805712260459073,137,144
3.720582806855832,7930.804080786691,8.754656466895234,170,150
2.2268966168163007,11301.335257584173,11.005092492908364,151,132
12.247568664993087,10851.821934202822,12.424181438645473,151,149
177.1480574506195,7858.667187619643,7.013620375582137,143,164
193.7319496680986,8431.358059399488,9.662430525168102,146,148
53.20007097283982,11376.991949123134,10.56626164463905,152,150
106.05764124433969,9530.984929708218,9.795887218742305,151,137
12.037489962023058,13178.294603272914,5.046415866245826,146,135
178.85276317212356,11002.258552129153,11.002180018617544,139,156
7.703317093998087,9026.737623621462,13.038672702181287,160,159
5.33057534559614,9979.588799218134,10.233323502339006,142,154
5.951089212094152,10126.766785275437,7.937787893411473,131,150
42.563544837840844,8543.21937351658,8.973745507271435,132,155
75.92833321492736,8174.823603644747,13.539826135311186,150,155
22.837960483325702,11402.779787618998,11.819925081721117,164,158
190.5998069398614,11690.546594084191,11.280053236768659,128,151
28.495188495523145,11207.562939105917,10.712825167068752,152,148
8.152338778801345,13030.636188647604,8.677725775618056,144,153
31.364858632312238,8916.453527976797,9.598857638688463,152,145
56.82149713436847,13348.54153214226,9.844154528642969,150,138
89.25680675192648,8198.157762891695,11.099148632128887,155,160
30.69538961520052,7974.628873263015,13.017837788533807,135,154
45.021708961987564,6480.0822357014995,12.236676273586255,156,149
15.553998175317727,9108.409372346367,7.161231288407919,138,148
51.91112962653543,8992.555326341093,10.447989937802097,143,168
213.33479755782108,11051.8745605093,11.473526690335794,164,136
2.5148775461696267,10487.781883240901,11.23772066028927,147,130
108.81113525278411,7614.053257961727,8.741532473225162,148,145
41.309078009225864,9214.547523148365,15.828218431536722,147,148
14.524210375875118,9257.075957824629,7.445830875337762,132,175
154.9322449528977,6448.035506076214,7.8336231066679005,121,164
33.01989725631111,8038.106545973261,10.467190162523153,163,161
20.150175890956,8458.37273877182,14.233606109927706,156,142
10.013949226096388,12867.250039641893,8.327610298591658,140,150
14.015612174392828,10382.901431914705,9.468343268706015,140,160
89.44289661546053,11324.337507895,12.154587346031386,135,155
47.64903371776941,7002.729005701576,9.964275690224532,158,177
122.23371828090603,12388.428966027983,9.330792290939408,144,139
13.196223437929492,12602.204126048186,11.13126580377344,153,176
6.456402157742984,6003.310065710748,10.545035980459186,158,159
0.3053067767296535,8589.366552168303,12.060877571273583,144,149
35.44980952240686,10991.53114603102,12.582937778130727,139,152
319.0606027791378,11288.776907076364,10.614006120010723,131,147
59.36648180659792,8643.010539025556,10.583465450756618,117,161
18.43698528021531,9389.001073892694,10.428221964572266,159,138
104.72109262751341,8805.237877909714,10.978261113298576,156,152
76.09935089123202,10220.83609389224,10.110341275742927,153,143
0.7767607531915114,12394.357062923826,9.998783035355421,136,149
84.87535076029324,8457.915685717591,12.393254241654486,137,139
17.87138687787347,12001.640995536829,13.032232360710086,158,138
8.106742197733052,8436.655855306224,6.984894110733158,151,144
12.830546914617269,8304.74557500623,10.020042303481139,147,158
31.610112090771164,11637.189236686427,8.62261113310953,160,170
27.657778625216757,11843.872756015233,9.378057067027855,154,136
17.046217585904888,11702.819873525308,10.805032419470642,152,141
9.450291676405213,7368.405183563718,11.338876743084937,167,156
71.82273900784918,9068.098043855898,9.77574711277731,142,131
230.8104633270401,11645.977184006642,6.173319330554394,151,159
75.20697552969521,10083.08368112779,8.06990883884764,152,129
17.5443696137302,7852.614307605072,11.792999340400332,144,140
14.039226524895529,10916.635878250883,4.5191471559301375,145,138
12.273668061606093,8570.38548201706,12.374854303364,151,144
7.349365915579706,13589.049696784425,11.042459981289083,151,137
40.073442660644545,13089.682924836517,12.632352163060045,154,161
46.49418140013213,11208.194852711134,9.602861626238079,151,130
61.12426552205555,12722.013409539548,5.87718915195419,173,160
57.00506448777537,10129.582700246761,10.860725283012997,143,152
17.28910373941615,11530.87498875003,12.549306248076682,137,160
20.047093076240415,12955.44059060415,11.849443611026842,150,147
57.208922109646075,10490.997363588625,8.67461703302393,138,161
21.496674677207594,9489.625656971433,10.173522150925294,167,145
11.952417589080738,6590.756083645769,8.934327462440152,157,141
23.447101942352827,9833.732948557012,8.361467071621256,152,158
15.878491926821011,11646.846369124623,11.910777142359702,156,159
4.622912189155426,11891.26685513526,7.604935377469676,150,141
88.63871240664632,11008.73013143682,8.212367138836775,144,155
95.90403644040792,8917.40181007552,7.791948733055229,137,166
12.407064126867585,6046.356862104819,7.019504953401906,150,170
3.348257124832542,9009.56980399053,10.292828583685207,147,168
67.12869652775598,9391.310257892097,12.323006096963951,165,162
11.882958872011542,9374.142065619972,9.630246487509469,146,146
24.997209547004672,11237.112713955848,6.988504398871667,163,142
3.314215659966355,13971.35282202968,11.679889079484056,143,162
12.826588339234346,10247.058403682186,13.371403508069942,152,143
78.72822558749635,9566.536421687077,8.70751535170681,151,153
81.58326782455987,9481.556373991814,9.042891466564564,147,141
11.6019515070094,10248.769533815428,11.031321260166788,169,155
20.467169328866692,8343.412479303202,13.243747495570103,166,137
7.2072859528232085,10240.39711749211,8.960331708549548,166,153
3.8533743754529315,10901.6246726636,7.33510043800359,141,150
242.50058759414213,10419.372127148976,11.262837212544813,145,146
53.29669717072485,10915.083868009562,11.598136146284599,143,146
39.054841792294695,10867.495218697071,10.012262900870454,136,149
72.514664812806,6456.206635507113,8.883733480685098,162,134
91.65319140577868,11273.740316790807,11.988757461984093,165,142
82.17941476485217,8657.970308675092,11.056072009095928,148,147
0.8338876540454417,7808.3216739920845,8.463128966193015,168,157
10.339395487863964,7791.096344290007,10.098189462611343,155,151
53.196820650017685,10867.083220945058,7.2965849359507065,129,135
23.56096621950301,9554.850145550294,11.37178091287584,159,142
202.2281760598292,6636.062432029179,9.475532861234289,148,128
54.74169070087564,10956.075630384566,9.128578335230525,154,151
156.80596560163832,7120.783738402346,9.934251029695131,154,143
11.247664498051078,10279.642717036422,10.080615398660496,126,143
99.7392236705767,10476.997851346108,11.78986012313112,140,158
19.382657294700643,11771.154163390089,11.182181062650443,124,162
228.12856808972467,13563.369572933703,9.687181442414394,152,154
8.580279247407576,7270.647348198916,11.52733629943799,121,161
36.31863619472705,9895.052287873901,10.801474507383226,145,155
78.71428616721334,9447.329409911565,9.146800727427927,141,146
28.338281414644324,10867.499371921924,9.750563683527028,155,150
31.563490499828394,10431.337541867237,9.703554222313759,137,149
214.72202133427976,9294.90751452676,11.010522686348404,133,156
27.69606477025058,9118.195622778288,9.265954770556716,117,141
46.32615782623365,7767.098289631906,9.219181627156733,171,156
2.8041669268884175,11975.723164813018,13.937514618867917,167,138
92.32453761350989,10918.408363199058,11.879470963494208,173,160
52.23008146275377,11835.536395590274,8.478798671149722,164,142
25.877417106061873,9379.207727048972,11.141881987884396,166,152
0.8150846738206612,8686.32906261114,10.236700131310354,144,153
44.783835980409926,7843.369866741545,10.783102350520188,141,183
0.6369310646760993,10717.835167481318,10.27468264913021,142,141
0.060216941699189765,7920.413550943531,12.379285290970472,146,154
47.868471580215896,13697.3261379331,10.69124068930289,144,150
10.475413494516609,7384.714837813119,9.875822603571425,165,171
10.652702950173767,10547.320238425003,12.084381153966035,146,165
52.96067079518622,13133.709414427572,10.466570082175744,170,164
2.7596331917401256,11198.179518527619,10.242957158658117,146,153
18.800574900627566,10351.347424983558,10.62804520497223,163,149
8.092540116164889,8063.032706076208,9.812781953267267,161,162
43.39602919930993,7236.461622864592,10.018453985990938,168,172
54.20074081339822,11540.100217835172,8.826610822476255,147,137
63.851527310621435,13012.294481549892,8.497665560752242,145,140
14.734073352681461,9122.300019043658,8.00285922703512,156,152
4.674328519571238,7721.8769847672975,7.216033426405848,151,118
4.097591194857808,5083.661138901963,8.240565277230887,140,163
27.769496960679486,8038.470312674925,9.651465931066149,136,145
145.79470308961442,9772.68631500192,10.206235164891273,141,154
12.277704746743895,13198.246481673468,9.45740687370472,149,156
14.835575862865587,11346.267384465937,5.288593019745284,130,147
5.317428075490343,10610.170809413507,13.149172715524685,147,135
46.51571443211856,9199.760677397739,12.172960245780764,157,131
56.95185465818443,8833.668565488088,10.891519702434257,154,140
51.49134107690415,12811.295195015928,13.814981345106537,151,129
98.71093927164132,10401.47708151678,8.04527176503258,140,151
33.31804148568028,5794.798616157956,13.77525024125201,165,129
7.219913521769877,8652.920704205515,8.069571846498905,141,155
17.082640783195306,8283.567936456746,10.477475850582714,158,141
54.299115201643545,8907.47198164507,7.452325349731591,172,173
47.48229066290159,11125.82132057017,10.029388191088733,145,160
37.85795918920283,9785.110236411501,10.772332995996777,139,160
57.43706337597312,9846.269185992676,9.69061933773089,136,138
50.72148737955794,12626.946322650474,11.427754888180274,152,161
106.56828415677356,8607.077820426623,10.198028898974515,144,153
44.09644325328129,13728.399051774699,8.955170543244982,150,133
75.38951977926565,8657.384817257827,8.866373364395322,159,141
14.297988221569499,10178.396393225143,11.621827545231392,121,181
